{
  "Fragrance Page" : {
    "transaction" : "Fragrance Page",
    "sampleCount" : 10,
    "errorCount" : 0,
    "errorPct" : 0.0,
    "meanResTime" : 2477.0,
    "medianResTime" : 2427.0,
    "minResTime" : 2090.0,
    "maxResTime" : 3123.0,
    "pct1ResTime" : 3079.1000000000004,
    "pct2ResTime" : 3123.0,
    "pct3ResTime" : 3123.0,
    "throughput" : 1.5921031682853048,
    "receivedKBytesPerSec" : 461.6579888751791,
    "sentKBytesPerSec" : 0.4446694395796848
  },
  "Total" : {
    "transaction" : "Total",
    "sampleCount" : 90,
    "errorCount" : 0,
    "errorPct" : 0.0,
    "meanResTime" : 1369.7777777777776,
    "medianResTime" : 528.0,
    "minResTime" : 46.0,
    "maxResTime" : 3520.0,
    "pct1ResTime" : 2798.2000000000003,
    "pct2ResTime" : 3014.3,
    "pct3ResTime" : 3520.0,
    "throughput" : 5.663939584644431,
    "receivedKBytesPerSec" : 1346.7120142385147,
    "sentKBytesPerSec" : 0.9808645374449338
  },
  "Makeup Page" : {
    "transaction" : "Makeup Page",
    "sampleCount" : 10,
    "errorCount" : 0,
    "errorPct" : 0.0,
    "meanResTime" : 2698.9,
    "medianResTime" : 2641.5,
    "minResTime" : 2315.0,
    "maxResTime" : 3520.0,
    "pct1ResTime" : 3459.1000000000004,
    "pct2ResTime" : 3520.0,
    "pct3ResTime" : 3520.0,
    "throughput" : 1.49947518368571,
    "receivedKBytesPerSec" : 432.3310571768631,
    "sentKBytesPerSec" : 0.41001274553906136
  },
  "Fragrance Page-0" : {
    "transaction" : "Fragrance Page-0",
    "sampleCount" : 10,
    "errorCount" : 0,
    "errorPct" : 0.0,
    "meanResTime" : 57.9,
    "medianResTime" : 57.5,
    "minResTime" : 54.0,
    "maxResTime" : 62.0,
    "pct1ResTime" : 62.0,
    "pct2ResTime" : 62.0,
    "pct3ResTime" : 62.0,
    "throughput" : 2.523977788995457,
    "receivedKBytesPerSec" : 1.0574086635537607,
    "sentKBytesPerSec" : 0.357399198637052
  },
  "Index Page-0" : {
    "transaction" : "Index Page-0",
    "sampleCount" : 10,
    "errorCount" : 0,
    "errorPct" : 0.0,
    "meanResTime" : 103.6,
    "medianResTime" : 95.5,
    "minResTime" : 94.0,
    "maxResTime" : 170.0,
    "pct1ResTime" : 163.10000000000002,
    "pct2ResTime" : 170.0,
    "pct3ResTime" : 170.0,
    "throughput" : 3.5778175313059033,
    "receivedKBytesPerSec" : 1.4045728980322003,
    "sentKBytesPerSec" : 0.4122875670840787
  },
  "Makeup Page-0" : {
    "transaction" : "Makeup Page-0",
    "sampleCount" : 10,
    "errorCount" : 0,
    "errorPct" : 0.0,
    "meanResTime" : 51.0,
    "medianResTime" : 48.0,
    "minResTime" : 46.0,
    "maxResTime" : 70.0,
    "pct1ResTime" : 68.80000000000001,
    "pct2ResTime" : 70.0,
    "pct3ResTime" : 70.0,
    "throughput" : 2.2665457842248413,
    "receivedKBytesPerSec" : 0.9429184610154125,
    "sentKBytesPerSec" : 0.3143061536718042
  },
  "Index Page-1" : {
    "transaction" : "Index Page-1",
    "sampleCount" : 10,
    "errorCount" : 0,
    "errorPct" : 0.0,
    "meanResTime" : 884.0,
    "medianResTime" : 421.0,
    "minResTime" : 412.0,
    "maxResTime" : 2800.0,
    "pct1ResTime" : 2788.0,
    "pct2ResTime" : 2800.0,
    "pct3ResTime" : 2800.0,
    "throughput" : 1.9984012789768186,
    "receivedKBytesPerSec" : 981.7768831809553,
    "sentKBytesPerSec" : 0.22247826738609114
  },
  "Fragrance Page-1" : {
    "transaction" : "Fragrance Page-1",
    "sampleCount" : 10,
    "errorCount" : 0,
    "errorPct" : 0.0,
    "meanResTime" : 2418.9,
    "medianResTime" : 2369.5,
    "minResTime" : 2028.0,
    "maxResTime" : 3066.0,
    "pct1ResTime" : 3022.0,
    "pct2ResTime" : 3066.0,
    "pct3ResTime" : 3066.0,
    "throughput" : 1.6074586079408455,
    "receivedKBytesPerSec" : 465.4371282751969,
    "sentKBytesPerSec" : 0.2213395153512297
  },
  "Index Page" : {
    "transaction" : "Index Page",
    "sampleCount" : 10,
    "errorCount" : 0,
    "errorPct" : 0.0,
    "meanResTime" : 989.0999999999999,
    "medianResTime" : 520.5,
    "minResTime" : 509.0,
    "maxResTime" : 2972.0,
    "pct1ResTime" : 2952.4,
    "pct2ResTime" : 2972.0,
    "pct3ResTime" : 2972.0,
    "throughput" : 1.9319938176197837,
    "receivedKBytesPerSec" : 949.9106075516808,
    "sentKBytesPerSec" : 0.4377173493044822
  },
  "Makeup Page-1" : {
    "transaction" : "Makeup Page-1",
    "sampleCount" : 10,
    "errorCount" : 0,
    "errorPct" : 0.0,
    "meanResTime" : 2647.6000000000004,
    "medianResTime" : 2594.0,
    "minResTime" : 2257.0,
    "maxResTime" : 3450.0,
    "pct1ResTime" : 3391.3,
    "pct2ResTime" : 3450.0,
    "pct3ResTime" : 3450.0,
    "throughput" : 1.5105740181268883,
    "receivedKBytesPerSec" : 434.9026682873867,
    "sentKBytesPerSec" : 0.2035734516616314
  }
}